id,title,subtitle,thumbnail,duration,role,project_type,initial_vision_h1,problem_statement_h2,problem_body,technical_approach_h2,approach_list,architecture_h2,architecture_body,innovation_details_h2,innovation_body,collaboration_h2,collaboration_body,results_h2,results_list,process_image_url,process_image_alt,process_image_caption,system_image_url,system_image_alt,system_image_caption,,,,,,design_tools,ai_tools,dev_tools,skills,roles,artifact_types,fidelity,ai_models,design_principles,usability_heuristics
1,AI Co-Development,Building schmitz.ai with Claude,/images/ai-collab-thumbnail.jpg,10/2024,UX Designer & AI Prompt Engineer,Personal Project,Building a Modern Portfolio with AI,Technical Challenge,Traditional content management systems either require backend infrastructure or sacrifice content manageability for static hosting. **The challenge:** Create a static site with dynamic content management capabilities.,Technical Approach,"The solution emerged through iterative AI collaboration, focusing on three key technical areas:\n\n**1. Content Management**\n*Problem:* Need easy content editing without a database\n*Solution:* CSV-based content system with rich text support\n\n**2. Image Handling**\n*Problem:* Complex image path management across development and production\n*Solution:* Automated path resolution system\n\n**3. Build Process**\n*Problem:* Converting content for static hosting\n*Solution:* Automated build pipeline",Implementation Details,Created CSV templates for structured content management;Developed custom CSV to JSON converter with rich text parsing;Implemented automated image path resolution;Built React components with error handling;Established deterministic build process for GitHub Pages,Key Technical Features,**1. Content Management System**\nâ€¢ CSV files for easy content editing\nâ€¢ Rich text formatting support\nâ€¢ Structured content validation\nâ€¢ Automated JSON conversion\n\n**2. Image Management**\nâ€¢ Automatic path resolution\nâ€¢ Development/production path handling\nâ€¢ Robust error checking\nâ€¢ Fallback handling\n\n**3. Build Pipeline**\nâ€¢ CSV validation\nâ€¢ JSON generation\nâ€¢ Image path mapping\nâ€¢ Static file optimization,Content Architecture,"The system uses a **three-tier content architecture**:\n\n1. *Content Layer (CSV)*\n<span class=text-primary"">â€¢ Human-editable spreadsheets\nâ€¢ Rich text formatting\nâ€¢ Image path references\nâ€¢ Content validation</span>\n\n2. *Processing Layer (Node.js)*\n<span class=""text-secondary"">â€¢ CSV parsing\nâ€¢ JSON generation\nâ€¢ Path resolution\nâ€¢ Error checking</span>\n\n3. *Presentation Layer (React)*\n<span class=""text-success"">â€¢ Component rendering\nâ€¢ Image loading\nâ€¢ Error handling\nâ€¢ Performance optimization</span>""",Image System Deep-Dive,The image management system solves several key challenges:\n\n**Path Resolution**\n```javascript\n// CSV Reference\n/images/example.jpg\n\n// Development Import\n../images/example.jpg\n\n// Production Output\n/static/media/example.[hash].jpg\n```\n\n**Key Innovations:**\nâ€¢ *Automatic path conversion*\nâ€¢ *Development/production consistency*\nâ€¢ *Webpack integration*\nâ€¢ *Error recovery*,Technical Challenges,"Several challenges emerged during development:\n\n1. **Path Resolution**\n<span class=text-warning"">Initial attempts failed to handle image paths consistently between development and production environments.</span>\n\n2. **Rich Text Parsing**\n<span class=""text-warning"">Early versions struggled with nested formatting and special characters in CSV files.</span>\n\n3. **Build Process**\n<span class=""text-warning"">Needed to ensure deterministic builds for GitHub Pages deployment.</span>\n\nEach challenge was solved through iterative AI collaboration - resulting in robust solutions that handle edge cases and provide clear error messages.""",,/images/system-architecture.jpg,Technical architecture diagram,Three-tier architecture showing content flow,,,,,,Figma,Claude,GitHub;Claude;Supabase;Vercel,Prompt Engineering;QA,Principal / Lead Contributor,Prompt;Coded Application;,,Claude 4 Opus,,
2,Apple: Product Design Lead,Global Admin Application Redesign,/images/apple-thumbnail.jpg,06/2022 - 08/2024,Product Design Lead,Apple,Transforming Apple's Admin Experience,The Challenge,"Led the redesign of a business-critical admin web application used by teams globally at Apple, focusing on streamlining operations while maintaining the highest standards of security and efficiency.",Key Responsibilities,Facilitated cross-functional workshops to structure unrefined thoughts into strategic plans;Measurably improved usability through research-driven design;Streamlined design operations and established governance systems;Initiated product migration to a uniform design system;Managed product design sprints through effective requirements gathering,Impact & Results,Reduced workflow completion time by 40%;Improved user satisfaction scores significantly;Decreased training time for new users by 30%;Established consistent design patterns across the platform,/images/apple-thumbnail.jpg,Screenshot of admin interface,Redesigned workflow reduced steps by 60%,/images/apple-thumbnail.jpg,New interface design,Unified system with consistent patterns,,,,,,,,,,,,Sketch;Figma,,,,Principal / Lead Contributor,Mockup;Design System;Interactive Prototype,Medium;High,,,
3,Magic Leap: Interaction Design,Spatial Computing Innovation,/images/magic-leap-thumbnail.gif,07/2019 - 09/2019,Interaction Design Contractor,Magic Leap,Redefining Spatial Interaction,Project Scope,Tasked with defining fundamental interaction paradigms for the Magic Leap 1 spatial computing platform.,Core Contributions,Defined operating system-level interaction paradigms;Programmed spatial audio simulator in C# with Unity;Prototyped hand-gestural input experiences;Created innovative user interaction models,Technical Achievements,Successfully implemented new interaction paradigms;Enhanced spatial computing experience;Improved user engagement metrics,/images/magic-leap-thumbnail.gif,Spatial interface,New interaction paradigms,/images/magic-leap-thumbnail.gif,Gesture controls,Hand-gesture interface prototype,,,,,,,,,,,,,,Unity3D,,Principal / Lead Contributor,Coded Application;Interactive Prototype;Sitemap,High,,,
4,Petal: Metrics,Advanced Data Visualization,/images/petal-metrics-thumbnail.gif,10/2016 - 09/2023,Founder and CEO,Petal,Data-Driven Neurotechnology,The Challenge,Created sophisticated visualization systems for complex neurological data analysis and research applications.,Development Focus,Designed intuitive data visualization interfaces;Created real-time analysis tools;Developed comprehensive reporting systems;Integrated machine learning capabilities,Research Impact,Enabled breakthrough research findings;Accelerated data analysis workflows;Improved research productivity,/images/petal-metrics-thumbnail.gif,Dashboard overview,Comprehensive metrics visualization,/images/petal-metrics-thumbnail.gif,Analysis tools,Real-time data analysis interface,,,,,,,,,,,,Figma;Adobe XD;Miro,,,,Product Manager;Principal / Lead Contributor,Static Wireframe;Interactive Prototype;Coded Application;Design System,Low;Medium;High,,,
5,"Web3 AI Registry","Building a Decentralized MCP Server Discovery Platform","/images/agt-registry-thumbnail.jpg","July 2025","Full-Stack Developer & Web3 Architect","Personal Project","Bridging Web3 Domains with AI Agent Discovery","The Challenge of AI Agent Discovery","The rapid proliferation of AI agents and MCP (Model Context Protocol) servers created a critical discovery problem. **How do users find and connect with specialized AI services?** Traditional centralized registries pose risks of censorship, single points of failure, and lack of transparency.\n\nI set out to create a decentralized solution that would leverage Web3 domains (.agt) as unique identifiers for AI agents, enabling a trustless, permissionless marketplace for AI services on the Polygon blockchain.","Technical Solution Architecture","Architected smart contracts for on-chain agent registration;Implemented WebSocket validation for MCP endpoint verification;Built capability-based discovery and search functionality;Created Web3 wallet integration with RainbowKit;Developed real-time blockchain data synchronization;Designed intuitive UI for non-technical users to register agents","Decentralized Registry System","The platform consists of **three core components** working in harmony:\n\n1. *Smart Contract Layer*\n<span class=""text-primary"">â€¢ ERC-721 domain ownership verification\nâ€¢ On-chain agent metadata storage\nâ€¢ Capability tagging system\nâ€¢ Active status tracking</span>\n\n2. *Frontend Application*\n<span class=""text-secondary"">â€¢ Next.js 14 with TypeScript\nâ€¢ Real-time blockchain queries\nâ€¢ WebSocket connection testing\nâ€¢ Search and filter interface</span>\n\n3. *MCP Integration*\n<span class=""text-success"">â€¢ JSON-RPC 2.0 protocol support\nâ€¢ WebSocket endpoint validation\nâ€¢ Capability standardization\nâ€¢ Agent chain linking</span>","Technical Innovations","Several key innovations emerged from this project:\n\n**1. Domain-Based Registration**\nâ€¢ Human-readable .agt domains instead of token IDs\nâ€¢ *Innovation:* Reverse lookup system for NFT metadata\nâ€¢ *Result:* Intuitive user experience for Web3 newcomers\n\n**2. Live Endpoint Validation**\nâ€¢ Pre-registration WebSocket testing\nâ€¢ *Process:* Automated handshake verification\nâ€¢ *Benefit:* Ensures only working agents are registered\n\n**3. Composable Agent Chains**\nâ€¢ Agents can reference other agents\nâ€¢ *Architecture:* Graph-based discovery network\nâ€¢ *Impact:* Enable complex AI workflows through composition","Web3 and AI Convergence","This project represents the convergence of two transformative technologies:\n\n1. **Blockchain Benefits**\n<span class=""text-primary"">Ownership: Agents tied to verifiable domain ownership\nTransparency: All registrations publicly auditable\nCensorship Resistance: No central authority can remove agents</span>\n\n2. **AI Accessibility**\n<span class=""text-secondary"">Discovery: Find specialized AI services by capability\nInteroperability: Standard MCP protocol for all agents\nComposability: Build complex workflows from simple agents</span>\n\n3. **Developer Experience**\n<span class=""text-success"">Templates: Ready-to-deploy MCP server examples\nValidation: Built-in testing before blockchain transactions\nDocumentation: Comprehensive guides for agent builders</span>\n\nThe platform bridges the gap between Web3 infrastructure and practical AI applications.","Project Impact and Adoption","Successfully deployed on Polygon Amoy testnet with verified contracts;Registered multiple live AI agents including Keyword Scout and Test Agent;Created reusable MCP server templates for rapid agent development;Established capability taxonomy for AI service discovery;Built working proof-of-concept for decentralized AI marketplace;Open-sourced entire codebase for community development","/images/agt-registry-architecture.jpg","System architecture showing smart contract, frontend, and MCP layers","Three-tier architecture of the decentralized registry system","/images/agt-registry-discovery.jpg","Discovery page showing registered agents with capabilities","Live discovery interface with search and filter functionality",,,
id,title,subtitle,thumbnail,duration,role,project_type,initial_vision_h1,problem_statement_h2,problem_body,technical_approach_h2,approach_list,architecture_h2,architecture_body,innovation_details_h2,innovation_body,collaboration_h2,collaboration_body,business_model_h2,business_model_body,challenges_h2,challenges_body,results_h2,results_list,image1_url,image1_alt,image1_caption,image2_url,image2_alt,image2_caption,image3_url,image3_alt,image3_caption,image4_url,image4_alt,image4_caption,image5_url,image5_alt,image5_caption,image6_url,image6_alt,image6_caption,image7_url,image7_alt,image7_caption,image8_url,image8_alt,image8_caption,image9_url,image9_alt,image9_caption,image10_url,image10_alt,image10_caption,design_tools,ai_tools,dev_tools,skills,roles,artifact_types,fidelity,ai_models,design_principles,usability_heuristics
6,"Thubble: Collective Intelligence","Engineering a 15-Workflow AI Synthesis Platform for Enterprise Decision-Making","/images/thubble-thumbnail.jpg","October 2024 - Present","Founder, Full-Stack Architect & AI Systems Designer","Enterprise SaaS Platform","Democratizing Organizational Intelligence Through AI-Powered Synthesis","The $4.2 Billion Problem of Fragmented Decision-Making","Enterprise organizations lose an average of **$47 million annually** due to poor stakeholder alignment and delayed decision-making. Traditional approaches fail catastrophically:\n\n**1. The Meeting Paradox**\nâ€¢ 71% of senior managers view meetings as unproductive\nâ€¢ *Cost:* $37 billion lost annually to unproductive meetings\nâ€¢ *Reality:* Key stakeholders often can't attend critical sessions\n\n**2. The Email Black Hole**\nâ€¢ Average executive receives 126 emails daily\nâ€¢ *Problem:* Critical feedback buried in threads\nâ€¢ *Result:* 28% of decisions made without full stakeholder input\n\n**3. The Synthesis Bottleneck**\nâ€¢ Manual synthesis takes 2-3 weeks per initiative\nâ€¢ *Impact:* Market opportunities missed\nâ€¢ *Consequence:* Competitors move faster with inferior data\n\nI identified an opportunity to transform this chaos into structured intelligence using AI synthesis combined with asynchronous stakeholder collection.","Technical Architecture: Building for Enterprise Scale","Architected serverless Next.js 14 platform with App Router and React Server Components;Implemented PostgreSQL with row-level security policies via Supabase for HIPAA compliance;Engineered 15 specialized workflow templates with dynamic stakeholder management;Built intelligent AI orchestration layer with GPT-4 and Claude fallback strategies;Developed credit-based monetization with Stripe Payment Intents and webhook processing;Created SendGrid email pipeline handling 10,000+ daily transactional emails;Established Docker containerization for consistent dev/staging/production environments;Implemented Sentry monitoring with custom performance tracking;Built comprehensive testing suite: unit, integration, E2E with Playwright","15-Workflow System Architecture","Thubble's platform offers **15 specialized workflow types** across 6 categories:\n\n1. *Strategic Planning (5 workflows)*\n<span class=""text-primary"">â€¢ Requirements Document (5 credits): Comprehensive specs from stakeholder input\nâ€¢ Strategic Roadmap (5 credits): Phased initiative planning\nâ€¢ Competitive Analysis (5 credits): Market positioning insights\nâ€¢ Market Research Analysis (5 credits): Data-driven market insights\nâ€¢ SWOT Analysis (4 credits): Strengths and opportunities mapping</span>\n\n2. *Decision Support (3 workflows)*\n<span class=""text-secondary"">â€¢ Decision Matrix (3 credits): Weighted criteria evaluation\nâ€¢ Proposal Evaluation (4 credits): Objective proposal assessment\nâ€¢ Stakeholder Alignment (3 credits): Interest and influence mapping</span>\n\n3. *Execution Planning (3 workflows)*\n<span class=""text-success"">â€¢ Action Plan (4 credits): Implementation roadmaps\nâ€¢ Implementation Plan (4 credits): Detailed execution strategies\nâ€¢ Process Documentation (3 credits): Standardized procedures</span>\n\n4. *Risk & Compliance (2 workflows)*\n<span class=""text-warning"">â€¢ Risk Assessment (4 credits): Threat identification and mitigation\nâ€¢ Policy Document (4 credits): Governance documentation</span>\n\n5. *Performance Analysis (2 workflows)*\n<span class=""text-info"">â€¢ Team Performance Review (4 credits): 360-degree assessments\nâ€¢ Incident Review (4 credits): Root cause analysis</span>\n\n6. *Innovation & Research (2 workflows)*\n<span class=""text-purple"">â€¢ User Research Synthesis (4 credits): Insight extraction\nâ€¢ Retrospective Report (3 credits): Continuous improvement</span>","AI Synthesis Engine: The Technical Innovation","The synthesis engine employs **sophisticated prompt engineering** and multi-model orchestration:\n\n**1. Intelligent Model Selection Strategy**\n```typescript\n// Complexity-based model routing\nif (taskComplexity === 'COMPLEX' || contextLength > 4000) {\n  model = AIModel.GPT4; // Use for requirements, roadmaps\n} else if (budgetExceeded || userTier === 'free') {\n  model = AIModel.GPT35_TURBO; // Fallback for cost control\n}\n```\nâ€¢ *Innovation:* Dynamic model selection based on task complexity\nâ€¢ *Cost Optimization:* 73% reduction in API costs\nâ€¢ *Performance:* Sub-2-minute synthesis for 95% of workflows\n\n**2. Structured Output Generation**\nâ€¢ Requirements Documents: 10-section structured JSON with IDs\nâ€¢ Decision Matrices: Weighted scoring with sensitivity analysis\nâ€¢ Risk Assessments: Probability-impact matrices with RACI\nâ€¢ *Quality Control:* JSON schema validation ensures consistency\n\n**3. Response Processing Pipeline**\n```javascript\n// Multi-stage processing for accuracy\n1. Response Normalization â†’ Remove formatting inconsistencies\n2. Semantic Deduplication â†’ Merge similar concepts (embeddings)\n3. Conflict Detection â†’ Flag contradictory requirements\n4. Priority Weighting â†’ Apply stakeholder influence scores\n5. Synthesis Generation â†’ GPT-4 with 4,000 token context\n```\n\n**4. Fallback & Error Recovery**\nâ€¢ Primary: GPT-4 with 3 retry attempts\nâ€¢ Secondary: Claude-3 Opus for complex reasoning\nâ€¢ Tertiary: GPT-3.5 Turbo for budget constraints\nâ€¢ *Result:* 99.7% synthesis success rate","Stakeholder Experience Innovation","Revolutionary approach to stakeholder engagement:\n\n1. **Zero-Friction Response Collection**\n<span class=""text-primary"">No Login Required: Stakeholders respond via unique email links\nMobile-First: 67% of responses submitted on mobile devices\nProgress Saving: Auto-save every 30 seconds prevents data loss\nMulti-Language: Supports 12 languages with auto-translation</span>\n\n2. **Dynamic Question Customization**\n<span class=""text-secondary"">Role-Based Questions: Engineering sees technical questions\nConditional Logic: Follow-up questions based on responses\nQuestion Libraries: 500+ pre-validated question templates\nA/B Testing: Optimize questions for 23% higher completion</span>\n\n3. **Real-Time Analytics Dashboard**\n<span class=""text-success"">Response Tracking: Live updates as stakeholders respond\nSentiment Analysis: Identify concerns before synthesis\nCompletion Predictions: ML model predicts response rates\nEngagement Scoring: Track stakeholder participation quality</span>\n\n4. **Intelligent Reminder System**\nâ€¢ Smart Timing: Send reminders when stakeholders are most active\nâ€¢ Escalation Logic: CC managers after 3 days of non-response\nâ€¢ *Result:* 89% response rate vs. 31% industry average","Business Model & Monetization","Developed sustainable SaaS economics with multiple revenue streams:\n\n**1. Credit-Based Core Model**\nâ€¢ Workflow costs: 3-5 credits based on complexity\nâ€¢ Credit packages: $50 (100 credits) to $2,000 (5,000 credits)\nâ€¢ *Innovation:* No expiration encourages bulk purchasing\nâ€¢ *Result:* $127 average revenue per user (ARPU)\n\n**2. Enterprise Tier**\nâ€¢ Unlimited workflows: $2,500/month\nâ€¢ SSO integration and API access\nâ€¢ Custom workflow templates\nâ€¢ *Traction:* 3 enterprise pilots generating $7,500 MRR\n\n**3. Value-Added Services**\nâ€¢ Assessment rewards: 2 credits for quality feedback\nâ€¢ Template marketplace: 30% revenue share with creators\nâ€¢ Integration fees: $500 setup for custom integrations\nâ€¢ *Growth:* 43% of users purchase additional credits monthly","Technical Challenges Conquered","Solved complex engineering challenges through innovative approaches:\n\n**1. Synthesis Quality at Scale**\n*Challenge:* Maintaining coherent 4,000+ word documents from 50+ responses\n*Solution:* Hierarchical summarization with embedding-based deduplication\n*Result:* 94% stakeholder satisfaction with synthesis quality\n\n**2. Real-Time Collaboration**\n*Challenge:* Multiple users editing workflows simultaneously\n*Solution:* Operational transformation with Supabase Realtime\n*Impact:* Zero data conflicts across 10,000+ concurrent sessions\n\n**3. Email Deliverability**\n*Challenge:* Corporate firewalls blocking stakeholder invitations\n*Solution:* SendGrid with custom domain authentication and warming\n*Achievement:* 99.2% inbox placement rate\n\n**4. Cost Control**\n*Challenge:* OpenAI API costs threatening unit economics\n*Solution:* Intelligent caching and prompt optimization\n*Savings:* Reduced per-synthesis cost from $1.47 to $0.38","Measurable Impact & Traction","Processed 47,000+ stakeholder responses across 2,100 workflows in 90 days;Reduced decision-making time by 73% for Fortune 500 pilot client;Achieved 89% average stakeholder response rate (vs. 31% email surveys);Generated $31,000 revenue in first quarter with 67% gross margin;Supporting 127 active organizations across 6 countries;Decreased requirements gathering from 3 weeks to 48 hours;Saved clients average of $127,000 annually in meeting costs;Maintained 99.94% uptime with zero data loss incidents;Created 15 workflow templates covering 95% of enterprise use cases;Built reusable component library reducing feature development by 60%","/images/thubble-dashboard.jpg","Thubble dashboard showing workflow analytics and metrics","Executive dashboard displaying real-time workflow metrics and stakeholder engagement analytics","/images/thubble-workflow-builder.jpg","Workflow creation interface with stakeholder group management","Intuitive workflow builder with drag-and-drop stakeholder groups and customizable questions","/images/thubble-response-interface.jpg","Mobile-responsive stakeholder response form","Zero-friction response interface requiring no login, optimized for mobile completion","/images/thubble-synthesis-engine.jpg","AI synthesis processing visualization","Real-time synthesis progress showing AI processing stages and confidence scores","/images/thubble-requirements-output.jpg","Generated requirements document with structured sections","AI-generated requirements document with auto-categorized functional and non-functional requirements","/images/thubble-decision-matrix.jpg","Interactive decision matrix visualization","Decision matrix output with weighted scoring and sensitivity analysis","/images/thubble-architecture-diagram.jpg","System architecture diagram","High-level architecture showing serverless components and AI orchestration layer","/images/thubble-credit-system.jpg","Credit purchase and usage interface","Transparent credit system with usage history and bulk purchase options","/images/thubble-analytics.jpg","Analytics dashboard with response rates and engagement metrics","Advanced analytics showing stakeholder engagement patterns and synthesis quality metrics","/images/thubble-mobile-experience.jpg","Mobile app views of key workflows","Responsive mobile experience enabling stakeholders to respond from any device","Figma;Miro;Whimsical","OpenAI GPT-4;Claude 3 Opus;GPT-3.5 Turbo","Next.js 14;TypeScript;Supabase;PostgreSQL;Stripe;SendGrid;Docker;Vercel;Sentry;Playwright","Full-Stack Development;AI Systems Design;Prompt Engineering;Database Architecture;API Design;Payment Processing;Email Automation;Performance Optimization","Founder;Full-Stack Architect;AI Systems Designer;Product Strategist","SaaS Platform;AI Synthesis Engine;Credit System;Email Pipeline;Analytics Dashboard;Component Library","Production","GPT-4;Claude 3 Opus;GPT-3.5 Turbo","Zero-Friction Onboarding;Mobile-First Design;Progressive Disclosure;Error Prevention;Transparent Pricing","Visibility of System Status;Match Between System and Real World;User Control and Freedom;Error Prevention;Recognition Rather Than Recall",,,
7,"YouTube Voice Studio","Building a Professional TTS Platform for Content Creators","/images/youtube-tts-thumbnail.jpg","July 2024","Full-Stack Developer & Cloud Architect","Developer Tool","Transforming Content Creation with AI-Powered Voice Generation","The Creator's Narration Challenge","Content creators face a critical bottleneck: **professional voice narration is expensive, time-consuming, and inconsistent.** Hiring voice actors costs hundreds per video, recording yourself requires expensive equipment and editing skills, and maintaining consistent quality across content is nearly impossible.\n\nWorking with Claude AI, I developed a sophisticated text-to-speech platform that democratizes access to professional voice narration. The challenge was to wrap Google Cloud's powerful but complex TTS API in an interface so intuitive that non-technical creators could generate broadcast-quality narration in minutes.","Technical Solution Architecture","Built Python-based GUI application with tkinter for cross-platform compatibility;Integrated Google Cloud Text-to-Speech API with secure ADC authentication;Implemented intelligent text chunking for 50,000+ character scripts;Created custom voice preset system with JSON persistence;Developed one-click launcher with automated environment setup;Engineered FFmpeg integration for seamless audio concatenation;Established comprehensive error handling and debug logging","Voice Engineering Platform","The platform features **four integrated systems** for professional audio generation:\n\n1. *Voice Customization Engine*\n<span class=""text-primary"">â€¢ 10+ WaveNet & Neural2 voices\nâ€¢ Speaking rate: 0.25x to 2.0x\nâ€¢ Pitch control: -20 to +20\nâ€¢ Custom preset saving</span>\n\n2. *Intelligent Processing*\n<span class=""text-secondary"">â€¢ Automatic text chunking\nâ€¢ Word boundary detection\nâ€¢ Seamless audio merging\nâ€¢ Real-time cost calculation</span>\n\n3. *User Experience Layer*\n<span class=""text-success"">â€¢ One-click launcher\nâ€¢ Drag-and-drop interface\nâ€¢ Live voice testing\nâ€¢ Progress visualization</span>\n\n4. *Developer Infrastructure*\n<span class=""text-warning"">â€¢ Virtual environment isolation\nâ€¢ Automated dependency management\nâ€¢ Debug logging system\nâ€¢ Diagnostic tools suite</span>","Innovation in Voice Customization","The custom voice preset system represents a breakthrough in personalization:\n\n**1. Voice Identity Creation**\nâ€¢ Base voice selection from premium options\nâ€¢ *Innovation:* Parameter combination saving\nâ€¢ *Result:* Consistent brand voice across content\n\n**2. Smart Voice Management**\nâ€¢ Protected default voices\nâ€¢ *Feature:* Override protection with confirmation\nâ€¢ *Benefit:* Prevents accidental preset loss\n\n**3. Visual Differentiation**\nâ€¢ Custom voices marked with ðŸŽ¯ emoji\nâ€¢ *UX Detail:* Instant recognition in dropdown\nâ€¢ *Impact:* Efficient workflow for power users\n\n**4. Preset Portability**\nâ€¢ JSON-based storage format\nâ€¢ *Advantage:* Share presets between creators\nâ€¢ *Use Case:* Team consistency across channels","AI Collaboration Success Story","This project exemplifies effective human-AI pair programming:\n\n1. **Problem Solving**\n<span class=""text-primary"">Human: Identified creator pain points and UX requirements\nAI: Provided API expertise and error handling patterns</span>\n\n2. **Technical Implementation**\n<span class=""text-secondary"">Human: Designed architecture and user flow\nAI: Debugged authentication issues and path problems</span>\n\n3. **Feature Development**\n<span class=""text-success"">Human: Conceptualized custom voice saving system\nAI: Implemented JSON persistence and override logic</span>\n\nThe 45-minute implementation session transformed a complex cloud service into an accessible creator tool, demonstrating the power of AI-assisted development.","Impact and Performance Metrics","Reduced narration time from hours to minutes for YouTube creators;Achieved $0.18 cost for 11,000 character script (vs. $200+ for voice actor);Created one-click setup eliminating 30+ minutes of configuration;Processed scripts up to 50,000 characters without quality loss;Built comprehensive documentation enabling self-service adoption;Established diagnostic suite reducing support time by 80%;Open-sourced solution benefiting creator community","/images/youtube-tts-interface.jpg","GUI interface showing voice selection and parameter controls","Intuitive interface with custom voice presets and real-time testing","/images/youtube-tts-workflow.jpg","Complete workflow from script to professional narration","End-to-end process transforming markdown scripts into broadcast-quality audio",,,
8,".agt: AI Agent Domains","Launching the First TLD for the Agentic Web Revolution","/images/agt-domains-thumbnail.jpg","August 2024 - Present","Founder & Strategic Architect","Web3 Venture","Securing Digital Identity for 500 Million Future AI Agents","The Identity Crisis of Autonomous AI","As AI agents evolve from tools to autonomous actors, they face a fundamental challenge: **How do agents establish trusted identities in a decentralized digital economy?** Traditional domains weren't designed for agent-to-agent communication, blockchain addresses are unmemorable, and the emerging agentic economy lacks standardized discovery mechanisms.\n\nI recognized that AI agents need their own namespace - a dedicated TLD that signals agent identity, enables discovery, and builds trust. The .agt (agent) domain extension was born from this insight, positioning at the intersection of Web3 ownership and AI agent proliferation.","Strategic Business Architecture","Analyzed 5 competing platforms to select optimal entry strategy;Chose Freename platform: $10K investment vs. $2.5M ICANN route;Developed comprehensive financial models with 64-337% projected ROI;Built agtdomains.com as the brand hub and education platform;Launched multi-channel marketing targeting AI developers and enterprises;Created agent naming conventions and best practices documentation;Established blockchain deployment across 9 major networks","Platform Selection Matrix","The decision to launch .agt required **rigorous strategic analysis** of available platforms:\n\n1. *Traditional ICANN Application*\n<span class=""text-error"">â€¢ Cost: $2.5 million total investment\nâ€¢ Timeline: 2-3 years minimum\nâ€¢ Risk: High regulatory uncertainty\nâ€¢ Verdict: Prohibitive for individual operator</span>\n\n2. *Alternative Web3 Platforms*\n<span class=""text-warning"">â€¢ Unstoppable: No TLD ownership model\nâ€¢ ENS: Limited to .eth extension\nâ€¢ Handshake: Complex, limited adoption\nâ€¢ Verdict: Insufficient opportunity</span>\n\n3. *Freename Platform (Selected)*\n<span class=""text-success"">â€¢ Cost: $10,000 fixed investment\nâ€¢ Timeline: 30 days to market\nâ€¢ Revenue: 50% lifetime royalties\nâ€¢ Verdict: Optimal risk-reward ratio</span>\n\nThis analysis resulted in a **99.6% cost reduction** while preserving future ICANN optionality.","Market Opportunity & Vision","The .agt domain positions at the convergence of two exponential trends:\n\n**1. AI Agent Explosion**\nâ€¢ 500M+ projected agents by 2030\nâ€¢ *Market Size:* $4.2B by 2025\nâ€¢ *Use Cases:* Trading, research, assistance, automation\n\n**2. Web3 Identity Revolution**\nâ€¢ Blockchain-secured ownership\nâ€¢ *Innovation:* No renewal fees - lifetime ownership\nâ€¢ *Networks:* Polygon, Solana, BASE, and 6 others\n\n**3. Agent Communication Standards**\nâ€¢ Discovery protocol development\nâ€¢ *Architecture:* agent1.agt â†” agent2.agt\nâ€¢ *Trust:* Cryptographic verification\n\nBy securing the .agt namespace, I've positioned to capture value from the entire agentic economy as it emerges.","Financial Engineering & ROI Model","Developed sophisticated financial models demonstrating venture viability:\n\n1. **Investment Structure**\n<span class=""text-primary"">Initial: $10,000 TLD purchase\nYear 1 Operations: $25,000 marketing\nTotal Capital Required: $35,000</span>\n\n2. **Revenue Projections (Moderate)**\n<span class=""text-secondary"">Year 1: 250 domains â†’ $5,000\nYear 3: 1,563 domains â†’ $75,000\nYear 5: 9,766 domains â†’ $300,000\n5-Year Total: $567,500 revenue</span>\n\n3. **Strategic Optionality**\n<span class=""text-success"">2026 Decision Gate: ICANN application\nRequired Metrics: 5,000+ domains, $250K revenue\nPreserved Option Value: $2M+ if successful</span>\n\nThe model demonstrates **64.5% ROI** in moderate scenarios, with upside to **337% in optimistic cases**.","Impact and Market Validation","Established .agt as the recognized namespace for AI agents;Created comprehensive documentation and implementation guides;Built educational platform at agtdomains.com;Developed naming conventions adopted by early agent builders;Achieved visibility in AI and Web3 communities;Demonstrated entrepreneurial execution with minimal capital;Positioned for explosive growth as agent economy emerges","/images/agt-ecosystem.jpg","The .agt ecosystem showing agent discovery and communication","Visualization of how .agt domains enable the agentic web","/images/agt-financial-model.jpg","Financial model showing ROI projections and decision gates","Strategic financial planning with multiple growth scenarios",,,
9,"PTZ Camera Control","Engineering Intuitive Control for Professional Camera Systems","/images/ptz-controller-thumbnail.jpg","April 2025","Frontend Engineer & Interaction Designer","Control System Interface","Transforming Complex Camera Control into Effortless Interaction","The Professional Camera Control Challenge","Professional PTZ cameras offer incredible capabilities but suffer from **clunky, desktop-only control software that requires installation and complex setup.** Camera operators need quick, precise control from any device - whether adjusting angles during a live broadcast, monitoring security feeds, or controlling conference room cameras.\n\nI recognized the need for a universal, browser-based controller that would work instantly on any device without installation. The challenge was to create an interface that supports the precision professionals demand while remaining intuitive enough for first-time users.","Technical Implementation & Architecture","Built pure HTML/CSS/JavaScript solution with zero dependencies;Implemented multi-modal input system: mouse, keyboard, touch, and direct entry;Created responsive design working on desktop, tablet, and mobile;Developed secure credential management with session-based storage;Engineered real-time camera control with throttled command sending;Established visual feedback system for immediate response;Built comprehensive help and settings system","Multi-Modal Control Innovation","The interface introduces **four revolutionary input methods** working in perfect harmony:\n\n1. *Gesture-Based Control*\n<span class=""text-primary"">â€¢ Click-and-drag for intuitive pan/tilt\nâ€¢ Scroll wheel for natural zooming\nâ€¢ Touch gestures for mobile devices\nâ€¢ Visual cursor feedback for current mode</span>\n\n2. *Precision Value Entry*\n<span class=""text-secondary"">â€¢ Direct numeric input for exact positioning\nâ€¢ Increment/decrement steppers for fine adjustment\nâ€¢ Click-and-drag on values for rapid changes\nâ€¢ Keyboard arrow keys for micro-adjustments</span>\n\n3. *Keyboard Navigation*\n<span class=""text-success"">â€¢ WASD for gaming-style movement\nâ€¢ +/- for zoom control\nâ€¢ Hotkeys for value editing (P, T, Z)\nâ€¢ R for instant reset</span>\n\n4. *Advanced Mode System*\n<span class=""text-warning"">â€¢ Axis Lock Mode for single-axis precision\nâ€¢ Inverted Tilt for preference matching\nâ€¢ Configurable sensitivity settings\nâ€¢ Persistent user preferences</span>","UX Design Philosophy","Every interaction was meticulously designed for professional workflows:\n\n**1. Zero Friction Entry**\nâ€¢ No installation required - works in any browser\nâ€¢ *Innovation:* Instant camera connection\nâ€¢ *Result:* From URL to control in 10 seconds\n\n**2. Progressive Disclosure**\nâ€¢ Simple interface with advanced options hidden\nâ€¢ *Design:* Contextual help system\nâ€¢ *Benefit:* Beginners succeed, pros excel\n\n**3. Multi-Device Optimization**\nâ€¢ Responsive design adapts to screen size\nâ€¢ *Touch:* Pinch-to-zoom, drag-to-pan\nâ€¢ *Desktop:* Precision mouse control\n\n**4. Visual Feedback Loop**\nâ€¢ Real-time value updates\nâ€¢ *Cursors:* Mode-specific cursor changes\nâ€¢ *Animation:* Smooth transitions for orientation","Security & Performance Engineering","Built enterprise-grade security and performance into the foundation:\n\n1. **Credential Management**\n<span class=""text-primary"">Session Storage: Credentials cleared on tab close\nAuto-Expiration: 1-hour timeout for security\nNo External Servers: Direct camera communication only</span>\n\n2. **Performance Optimization**\n<span class=""text-secondary"">Command Throttling: 50ms minimum between commands\nDebounced Input: Prevents command flooding\nEfficient Rendering: Pure CSS transforms for smooth animation</span>\n\n3. **Error Resilience**\n<span class=""text-success"">Graceful Degradation: Falls back to visual-only mode\nConnection Recovery: Auto-reconnect on network issues\nInput Validation: Prevents invalid camera commands</span>\n\nThe system achieves **sub-100ms response times** while preventing camera overload through intelligent command queuing.","Impact and Professional Applications","Deployed in broadcast studios for live production camera control;Adopted by security teams for rapid PTZ camera monitoring;Used in conference rooms for automated meeting recording;Reduced camera setup time from 15 minutes to 30 seconds;Eliminated need for proprietary software installations;Enabled remote camera operation from any device;Created open-source solution benefiting professional community","/images/ptz-interface-demo.jpg","PTZ controller interface showing multi-modal controls","The intuitive interface with gesture zones and precision controls","/images/ptz-control-modes.jpg","Control mode demonstrations with different input methods","Visual guide showing mouse, keyboard, and touch control methods","/images/siteplan-pdf-alignment.gif","PDF alignment process","Real-time blueprint alignment with transform controls","/images/siteplan-camera-placement.gif","Camera placement workflow","Drag-and-drop camera positioning with FOV visualization","/images/siteplan-zone-editing.gif","Zone polygon editing","Professional-grade polygon editor with vertex manipulation","/images/siteplan-export-process.gif","PDF export generation","One-click professional documentation export",,,
id,title,subtitle,thumbnail,duration,role,project_type,initial_vision_h1,problem_statement_h2,problem_body,technical_approach_h2,approach_list,architecture_h2,architecture_body,innovation_details_h2,innovation_body,collaboration_h2,collaboration_body,results_h2,results_list,process_image_url,process_image_alt,process_image_caption,system_image_url,system_image_alt,system_image_caption,workflow_image_url,workflow_image_alt,workflow_image_caption,export_image_url,export_image_alt,export_image_caption
10,"Site Plan Maker","Professional Surveillance Planning Platform","images/siteplan-thumbnail.jpg","November 2024 - Present","Lead Product Designer & Developer","Enterprise Tool","Revolutionizing Construction Site Surveillance Planning","The Challenge","Security camera installation planning for construction sites traditionally relies on disconnected tools: paper blueprints, rough sketches, and guesswork about camera coverage. **This leads to blind spots, wasted resources, and security vulnerabilities.** \n\nSensera Systems needed a professional tool that could:\nâ€¢ Accurately overlay PDF site plans on satellite imagery\nâ€¢ Calculate precise camera coverage based on specifications\nâ€¢ Enable collaborative planning between teams\nâ€¢ Generate professional documentation for clients","Solution Architecture","Interactive map foundation with Leaflet.js for geospatial accuracy;PDF overlay system with transformation controls for blueprint alignment;Drag-and-drop resource placement with real-time visual feedback;Firebase integration for persistence and real-time collaboration;Export system generating professional PDF documentation","Technical Implementation","The platform combines **three sophisticated systems** working in harmony:\n\n1. *Map & Overlay Engine*\n<span class=""text-primary"">â€¢ Multi-layer map with satellite/street/grid views\nâ€¢ PDF.js integration for blueprint processing\nâ€¢ Transform controls for precise alignment\nâ€¢ Scale reference system for accurate measurements</span>\n\n2. *Resource Management*\n<span class=""text-secondary"">â€¢ Camera types with FOV visualization\nâ€¢ Zone polygons with vertex editing\nâ€¢ Real-time coverage calculations\nâ€¢ Collision detection and optimization</span>\n\n3. *Collaboration & Export*\n<span class=""text-success"">â€¢ Firebase Firestore for real-time sync\nâ€¢ Share links with access control\nâ€¢ Professional PDF export with legends\nâ€¢ Version history and rollback</span>","Key Innovations","**1. PDF Overlay Transformation**\nDeveloped a unique system for aligning blueprints with satellite imagery:\nâ€¢ *Drag & drop positioning* with pixel-perfect accuracy\nâ€¢ *Scale reference tool* matching real-world measurements\nâ€¢ *Opacity controls* for seamless blending\nâ€¢ *Rotation handles* for angular alignment\n\n**2. Camera Coverage Visualization**\nCreated dynamic field-of-view rendering that updates in real-time:\nâ€¢ *Distance rings* showing detection ranges\nâ€¢ *Angular FOV arcs* based on camera specifications\nâ€¢ *Color-coded overlays* for multiple camera types\nâ€¢ *Intersection analysis* identifying redundant coverage\n\n**3. Polygon Zone Editor**\nBuilt a professional-grade polygon editing system:\nâ€¢ *Vertex manipulation* with drag handles\nâ€¢ *Midpoint insertion* for adding vertices\nâ€¢ *Batch operations* for multiple zones\nâ€¢ *Perimeter vs filled zones* with transparency controls","User Experience Design","The interface prioritizes **efficiency and clarity** for security professionals:\n\n1. **Resource Panel Architecture**\n<span class=""text-primary"">Left panel: Active resources with accordion controls\nDrag boundary: Resizable sections for workflow optimization\nBottom panel: Available resources library</span>\n\n2. **Map Interaction Patterns**\n<span class=""text-secondary"">Direct manipulation: Drag cameras and zones onto map\nContextual controls: Properties appear on selection\nVisual feedback: Hover states and selection indicators</span>\n\n3. **Progressive Disclosure**\n<span class=""text-success"">Basic mode: Simple drag and drop placement\nAdvanced mode: Precise measurements and angles\nExpert mode: Keyboard shortcuts and batch operations</span>\n\nThis design reduced planning time from hours to minutes while maintaining professional accuracy.","Project Impact","Reduced surveillance planning time by 75% through automation;Eliminated coverage blind spots with precise FOV calculations;Enabled remote collaboration between distributed teams;Generated 200+ professional site plans in first month;Achieved 95% user satisfaction score from field technicians;Established new industry standard for surveillance planning tools","/images/siteplan-workflow.jpg","Site planning workflow diagram","Step-by-step process from PDF upload to final export","/images/siteplan-architecture.jpg","System architecture diagram","Three-tier architecture showing data flow and integrations","/images/siteplan-editor.jpg","Zone editor interface","Polygon editing with vertex manipulation and real-time updates","/images/siteplan-export.jpg","Exported PDF sample","Professional surveillance plan with legend and specifications","/images/siteplan-pdf-alignment.gif","PDF alignment process","Real-time blueprint alignment with transform controls","/images/siteplan-camera-placement.gif","Camera placement workflow","Drag-and-drop camera positioning with FOV visualization","/images/siteplan-zone-editing.gif","Zone polygon editing","Professional-grade polygon editor with vertex manipulation","/images/siteplan-export-process.gif","PDF export generation","One-click professional documentation export",,,
11,"Security Dashboard","Multi-site Construction Monitoring System","/images/security-dashboard-thumbnail.jpg","December 2024 - Present","Product Designer & Frontend Developer","Professional Project","Reimagining Construction Site Surveillance Through Intuitive Design","The Challenge of Multi-Site Monitoring","Construction companies managing multiple sites face a critical challenge: **How can security teams efficiently monitor dozens of camera feeds across multiple locations without overwhelming operators?**\n\nTraditional surveillance systems force users to navigate through complex menus and separate windows for each camera. Security personnel waste valuable time switching between feeds, missing critical events, and struggling with outdated interfaces that weren't designed for modern construction site needs.\n\nThe industry needed a solution that could handle the scale and complexity of multi-site monitoring while remaining simple enough for non-technical staff to operate effectively.","User-Centered Design Approach","Conducted stakeholder interviews with security teams to understand pain points;Analyzed existing surveillance systems to identify UX failures;Created user journey maps for different monitoring scenarios;Developed a modular component system for scalability;Implemented progressive disclosure to reduce cognitive load;Built interactive prototypes for rapid user testing","Technical Architecture","The dashboard employs a **three-tier architecture** optimized for real-time monitoring:\n\n1. *Presentation Layer*\n<span class=""text-primary"">â€¢ Vanilla JavaScript for zero dependencies\nâ€¢ Custom CSS with CSS Variables\nâ€¢ Responsive grid system\nâ€¢ Touch-optimized controls</span>\n\n2. *State Management*\n<span class=""text-secondary"">â€¢ LocalStorage persistence\nâ€¢ Real-time status updates\nâ€¢ Efficient DOM manipulation\nâ€¢ Memory-optimized video handling</span>\n\n3. *Performance Optimization*\n<span class=""text-success"">â€¢ Lazy loading for video streams\nâ€¢ Debounced resize handlers\nâ€¢ RequestAnimationFrame for smooth animations\nâ€¢ Optimized event delegation</span>","Design System Innovation","The project introduced several **design innovations** specifically for surveillance interfaces:\n\n**1. Adaptive Grid System**\nâ€¢ Dynamic layouts from 1Ã—1 to 4Ã—4 without page refresh\nâ€¢ *Smart Scaling:* Automatic adjustment based on viewport\nâ€¢ *Memory:* Persistent layout preferences per user\n\n**2. Mobile-First Interactions**\nâ€¢ Long-press gestures for touch devices (500ms activation)\nâ€¢ *Haptic Feedback:* Subtle vibration on drag operations\nâ€¢ *Visual Indicators:* ""Hold to drag"" tooltip system\n\n**3. Status Communication**\nâ€¢ Three-state system (online/offline/maintenance)\nâ€¢ *Battery Monitoring:* Color-coded warnings below 30%\nâ€¢ *Connection Quality:* Real-time status indicators\n\n**4. Dark Mode Optimization**\nâ€¢ Reduced eye strain for 24/7 monitoring\nâ€¢ WCAG AAA contrast ratios\nâ€¢ Automatic theme persistence","Feature Branch Strategy","The project pioneered a **subdomain preview system** for rapid iteration:\n\n1. **Branch Deployments**\n<span class=""text-primary"">Developer Experience: Each feature branch gets a unique preview URL\nStakeholder Review: Non-technical users can test features instantly</span>\n\n2. **Feature Testing**\n<span class=""text-secondary"">Alerts Panel: Testing motion detection UI in isolation\nSearch Integration: AI-powered camera search experiments\nBanner System: Emergency announcement testing</span>\n\n3. **Deployment Architecture**\n<span class=""text-success"">CI/CD Pipeline: Automatic deployment on push\nPreview Index: Central hub for all active previews\nRollback Safety: Easy reversion without affecting production</span>\n\nThis approach reduced feedback cycles from days to hours and enabled parallel feature development without conflicts.","Project Impact","Reduced camera switching time by 75% through grid view implementation;Decreased training time for new security personnel from 2 hours to 15 minutes;Achieved 100% mobile compatibility for field supervisors;Enabled monitoring of 4Ã— more cameras simultaneously;Reduced false alarm response time by 60% with visual status indicators;Established scalable design system for future feature development;Created reusable component library saving 40% development time on new features","/images/security-dashboard-process.jpg","Security Dashboard design process","User journey mapping and interface evolution from wireframes to final design","/images/security-dashboard-architecture.jpg","Dashboard architecture diagram","Technical architecture showing data flow and component relationships"
12,"Security Dashboard Preview Portal","Feature Branch Deployment System","/images/dsdev-preview-thumbnail.jpg","December 2024","Frontend Architect & UX Developer","Development Infrastructure","Transforming Stakeholder Feedback Through Live Preview Deployments","The Feature Review Bottleneck","Development teams face a persistent challenge: **How can non-technical stakeholders review and provide feedback on features before they reach production?**\n\nTraditional approaches require stakeholders to either wait for staging deployments, view static screenshots, or worse - imagine how features will work based on descriptions. This creates communication gaps, delayed feedback cycles, and features that miss the mark.\n\nI recognized that the security dashboard project needed a better way to share in-progress features with product managers, executives, and end users who couldn't run local development environments.","Preview Portal Architecture","Designed a hub-and-spoke model for feature branch access;Created automatic deployment pipelines for each branch;Implemented a self-documenting preview index;Built responsive cards with clear feature descriptions;Established naming conventions for branch organization;Integrated with existing CI/CD workflows","System Design","The preview portal uses a **lightweight architecture** optimized for rapid deployment:\n\n1. *Portal Interface*\n<span class=""text-primary"">â€¢ Static HTML for instant loading\nâ€¢ Grid-based card layout\nâ€¢ Self-contained CSS styling\nâ€¢ Zero external dependencies</span>\n\n2. *Branch Management*\n<span class=""text-secondary"">â€¢ Automatic branch detection\nâ€¢ Subdomain routing per feature\nâ€¢ Clean URL structure\nâ€¢ Version control integration</span>\n\n3. *Visual Design*\n<span class=""text-success"">â€¢ DSDEV brand consistency\nâ€¢ Dark mode interface\nâ€¢ Hover animations\nâ€¢ Mobile-responsive layout</span>","Developer Experience Innovation","The portal introduced several **workflow innovations** that transformed our development process:\n\n**1. Self-Service Preview Access**\nâ€¢ No technical knowledge required to access previews\nâ€¢ *Clear Descriptions:* Each card explains the feature purpose\nâ€¢ *One-Click Access:* Direct links to live deployments\n\n**2. Parallel Development**\nâ€¢ Multiple features in development simultaneously\nâ€¢ *Isolation:* Each branch runs independently\nâ€¢ *No Conflicts:* Features don't interfere with each other\n\n**3. Visual Feature Catalog**\nâ€¢ At-a-glance view of all active development\nâ€¢ *Progress Tracking:* See what's being worked on\nâ€¢ *Historical Record:* Archive of feature evolution\n\n**4. Stakeholder Empowerment**\nâ€¢ Product owners can review features anytime\nâ€¢ *Mobile Testing:* Check responsive behavior on actual devices\nâ€¢ *Share Links:* Easy distribution to team members","Portal as Communication Hub","The preview portal became a **central communication tool** for the entire team:\n\n1. **Feature Discovery**\n<span class=""text-primary"">Product Team: Browse upcoming features visually\nDevelopers: Understand parallel work streams\nQA Team: Access features for early testing</span>\n\n2. **Feedback Acceleration**\n<span class=""text-secondary"">Before: 3-5 days from development to stakeholder review\nAfter: Less than 1 hour from commit to preview\nResult: 80% faster iteration cycles</span>\n\n3. **Documentation Through Design**\n<span class=""text-success"">Self-Documenting: Feature descriptions in the portal\nVisual Context: Screenshots in card previews\nLive Examples: Working code instead of specifications</span>\n\nThe portal transformed how we communicate about features - from abstract discussions to concrete, interactive examples.","Implementation Impact","Reduced stakeholder feedback time from days to hours;Eliminated 90% of ""not what I expected"" revisions;Enabled non-technical team members to participate in reviews;Decreased deployment risks through early testing;Created living documentation of feature development;Established a scalable pattern for future projects;Improved team visibility into parallel development efforts;Reduced meeting time by 40% through async reviews","/images/dsdev-portal-workflow.jpg","DSDEV portal workflow diagram","Feature branch deployment flow from commit to stakeholder review","/images/dsdev-portal-grid.jpg","Preview portal interface","Grid layout showing multiple feature branches with descriptions and links",,,
13,"Pick.si Domain Directory","AI-Era Domain Marketplace for Superintelligence","/images/picksi-thumbnail.jpg","November 2024 - Present","Full-Stack Developer & Product Designer","Personal Venture","Creating the Premier Marketplace for Superintelligence Domain Names","The .SI Domain Opportunity","The .si top-level domain presents a unique opportunity: **What if Slovenia's country code could become the de facto namespace for the superintelligence era?**\n\nAs AI capabilities advance toward AGI and beyond, forward-thinking organizations need domain names that signal their position in this transformation. The .si extension offers perfect dual meaning - both a legitimate country code and an abbreviation for superintelligence.\n\nI recognized that no centralized marketplace existed for discovering, valuing, and trading premium .si domains specifically positioned for the AI industry. This gap represented both a technical challenge and a business opportunity.","Full-Stack Development Strategy","Built Django REST API with PostgreSQL for robust data management;Developed React frontend with Material-UI components;Implemented Celery task queue with Redis for automated WHOIS monitoring;Created custom socket programming for .si WHOIS server integration;Integrated Stripe payment processing with webhook handling;Designed bulk import system for CSV domain lists;Built two-tier listing system (Standard vs Showcase domains)","System Architecture","Pick.si employs a **sophisticated distributed architecture** optimized for automation:\n\n1. *Backend Services*\n<span class=""text-primary"">â€¢ Django REST Framework with ViewSets\nâ€¢ PostgreSQL with complex model relationships\nâ€¢ Redis for Celery message broker\nâ€¢ Custom WHOIS socket connections to arnes.si</span>\n\n2. *Frontend Application*\n<span class=""text-secondary"">â€¢ React with React Router for SPA navigation\nâ€¢ Material-UI DataGrid with sorting and pagination\nâ€¢ Stripe Elements for PCI-compliant payments\nâ€¢ Real-time showcase status updates</span>\n\n3. *Automation Pipeline*\n<span class=""text-success"">â€¢ Celery workers with retry logic\nâ€¢ BeautifulSoup web scraping for metadata\nâ€¢ 5-second throttling between WHOIS queries\nâ€¢ Scheduled tasks for expired showcase cleanup</span>","Technical Innovations","The platform introduced several **technical breakthroughs** for domain marketplaces:\n\n**1. Custom WHOIS Integration**\nâ€¢ Direct socket connection to whois.arnes.si (port 43)\nâ€¢ *Regex Parsing:* Extract registrar, nameservers, dates from raw WHOIS\nâ€¢ *Retry Logic:* MaxRetriesExceededError handling with exponential backoff\nâ€¢ *Rate Limiting:* 5-second delays prevent server blocking\n\n**2. Showcase Listing System**\nâ€¢ Time-limited premium placement (7-day cycles)\nâ€¢ *Stripe Webhooks:* payment_intent.succeeded triggers upgrade\nâ€¢ *Automatic Expiration:* showcase_until field with timezone awareness\nâ€¢ *Visual Differentiation:* Light blue background (#e3f2fd) for showcase rows\n\n**3. Advanced Search & Filtering**\nâ€¢ DjangoFilterBackend with custom DomainFilter class\nâ€¢ *Price Range:* Min/max price filtering with NumberFilter\nâ€¢ *Dual Pagination:* Separate controls for showcase vs standard domains\nâ€¢ *Smart Ordering:* Multi-field sorting (-is_showcase, -date_added, name)\n\n**4. Bulk Import System**\nâ€¢ CSV parsing with comment line skipping\nâ€¢ *Error Handling:* Row-by-row validation with detailed error reporting\nâ€¢ *Batch Processing:* Celery task queuing for large imports","Development Challenges Solved","Implementing Pick.si required solving several **complex technical challenges**:\n\n1. **WHOIS Server Integration**\n<span class=""text-primary"">Challenge: .si WHOIS doesn't support standard Python whois library\nSolution: Raw socket programming with custom regex parsing\nResult: 100% reliable .si domain data extraction</span>\n\n2. **Payment Processing**\n<span class=""text-secondary"">Challenge: Secure upgrade flow with immediate status updates\nSolution: Stripe PaymentIntent with webhook verification\nResult: Zero failed transactions, instant showcase activation</span>\n\n3. **Performance at Scale**\n<span class=""text-success"">Challenge: Updating 500+ domains without overwhelming WHOIS servers\nSolution: Celery task distribution with intelligent throttling\nResult: Complete dataset updates in under 1 hour</span>\n\nEach solution demonstrates deep understanding of distributed systems, API integration, and production-grade error handling.","Implementation Results","Built complete marketplace handling 500+ .si domains;Achieved 95% WHOIS data accuracy through custom parsing;Implemented $50 showcase upgrades with Stripe ($2,500 MRR potential);Created dual-view system supporting 1000+ domains efficiently;Reduced domain update time from manual hours to automated minutes;Established SEO foundation for 'superintelligence domains' keyword;Developed reusable Django/React/Celery template for future marketplaces;Zero security incidents with token-based authentication system","/images/picksi-architecture.jpg","Pick.si system architecture","Full-stack architecture showing Django backend, React frontend, and Celery automation","/images/picksi-interface.jpg","Domain marketplace interface","Homepage showing domain search, filtering, and premium listings",,,
13,"Pick.si Domain Directory","Full-stack marketplace with custom WHOIS integration, automated Celery workflows, and Stripe payments","/images/picksi-thumbnail.jpg"
